{
  "view/loanApplication.view.xml": 1748242629647,
  "controller/LoanDetails.controller.js": 1748242702133,
  "controller/profile.controller.js": 1748242702141,
  "controller/main.controller.js": 1748242702137,
  "controller/loanApplication.controller.js": 1748242702137,
  "controller/dashboard.controller.js": 1748242702137,
  "controller/LoanStatusPage.controller.js": 1748242702133,
  "controller/LoanStatusDetails.controller.js": 1748242702133,
  "model/models.js": 1748243811769,
  "controller/App.controller.js": 1748242702133,
  "controller/AdminAppliedLoans.controller.js": 1748242702129,
  "manifest.json": 1748243588550,
  "Component.js": 1748000077583,
  "controller/loanApplication-dbg.controller.js": 1748242702137,
  "controller/loanApplication.controller.js.map": 1748244568842,
  "controller/profile-dbg.controller.js": 1748242702141,
  "controller/profile.controller.js.map": 1748244568816,
  "controller/main-dbg.controller.js": 1748242702137,
  "controller/main.controller.js.map": 1748244568818,
  "controller/LoanDetails-dbg.controller.js": 1748242702133,
  "controller/LoanDetails.controller.js.map": 1748244568819,
  "controller/dashboard-dbg.controller.js": 1748242702137,
  "controller/dashboard.controller.js.map": 1748244568822,
  "controller/LoanStatusPage-dbg.controller.js": 1748242702133,
  "controller/LoanStatusPage.controller.js.map": 1748244568824,
  "controller/LoanStatusDetails-dbg.controller.js": 1748242702133,
  "controller/LoanStatusDetails.controller.js.map": 1748244568828,
  "model/models-dbg.js": 1748243811769,
  "model/models.js.map": 1748244568823,
  "controller/App-dbg.controller.js": 1748242702133,
  "controller/App.controller.js.map": 1748244568828,
  "controller/AdminAppliedLoans-dbg.controller.js": 1748242702129,
  "controller/AdminAppliedLoans.controller.js.map": 1748244568843,
  "Component-dbg.js": 1748000077583,
  "Component.js.map": 1748244568829,
  "Component-preload.js": 1748244569091,
  "Component-preload.js.map": 1748244569091,
  "view/profile.view.xml": 1748242629647,
  "view/main.view.xml": 1748242629647,
  "i18n/i18n.properties": 1748000077587,
  "view/dashboard.view.xml": 1748242629643,
  "view/LoanStatusPage.view.xml": 1748242629643,
  "view/LoanStatusDetails.view.xml": 1748242629643,
  "view/LoanDetails.view.xml": 1748242629643,
  "view/App.view.xml": 1748242629643,
  "view/AdminAppliedLoans.view.xml": 1748242629643,
  "images/loanstatus.png": 1748243498755,
  "images/Tiny students sitting near books getting university degree.jpg": 1748243498755,
  "images/LTIMindtree.png": 1748243498743,
  "css/style.css": 1748242878113,
  "controller/tester.http": 1748242702141,
  "index.html": 1748000077583
}